{"cameraMode":{"drawMode":2,"name":"Shaded Wireframe","section":"Shading Mode"},"sceneLighting":true,"audioPlay":false,"sceneViewState":{"showFog":true,"showMaterialUpdate":false,"showSkybox":true,"showFlares":true,"showImageEffects":true,"showParticleSystems":true},"in2DMode":false,"pivot":{"x":0.779716968536377,"y":0.1801929473876953,"z":-2.5517756938934328},"rotation":{"x":0.712377667427063,"y":-0.004210669547319412,"z":0.004274315666407347,"w":0.7017709016799927},"size":5.3517279624938969,"orthographic":false}