{"cameraMode":{"drawMode":2,"name":"Shaded Wireframe","section":"Shading Mode"},"sceneLighting":true,"audioPlay":false,"sceneViewState":{"showFog":true,"showMaterialUpdate":false,"showSkybox":true,"showFlares":true,"showImageEffects":true,"showParticleSystems":true},"in2DMode":false,"pivot":{"x":-0.16158604621887208,"y":0.9445323944091797,"z":-0.569533109664917},"rotation":{"x":0.5653811097145081,"y":0.0024744952097535135,"z":-0.00169617950450629,"w":0.8248239159584045},"size":6.717994689941406,"orthographic":false}