{"cameraMode":{"drawMode":1,"name":"Wireframe","section":"Shading Mode"},"sceneLighting":true,"audioPlay":false,"sceneViewState":{"showFog":true,"showMaterialUpdate":false,"showSkybox":true,"showFlares":true,"showImageEffects":true,"showParticleSystems":true},"in2DMode":false,"pivot":{"x":0.03150831162929535,"y":4.756996154785156,"z":0.3072645664215088},"rotation":{"x":0.6459612846374512,"y":-0.006873322185128927,"z":0.005813841708004475,"w":0.7633245587348938},"size":7.664984703063965,"orthographic":false}