{"cameraMode":{"drawMode":2,"name":"Shaded Wireframe","section":"Shading Mode"},"sceneLighting":true,"audioPlay":false,"sceneViewState":{"showFog":true,"showMaterialUpdate":false,"showSkybox":true,"showFlares":true,"showImageEffects":true,"showParticleSystems":true},"in2DMode":false,"pivot":{"x":1.085465908050537,"y":-3.111556053161621,"z":2.015374183654785},"rotation":{"x":0.5541974306106567,"y":0.0024981284514069559,"z":-0.0016603812109678984,"w":0.8323841691017151},"size":10.6077880859375,"orthographic":false}