{"cameraMode":{"drawMode":0,"name":"Shaded","section":"Shading Mode"},"sceneLighting":true,"audioPlay":false,"sceneViewState":{"showFog":true,"showMaterialUpdate":false,"showSkybox":true,"showFlares":true,"showImageEffects":true,"showParticleSystems":true},"in2DMode":false,"pivot":{"x":-0.7743589878082275,"y":-0.5480213165283203,"z":-0.09457111358642578},"rotation":{"x":-0.472042441368103,"y":-0.14346067607402802,"z":0.07813633233308792,"w":-0.8663263320922852},"size":8.753727912902832,"orthographic":false}