{"cameraMode":{"drawMode":0,"name":"Shaded","section":"Shading Mode"},"sceneLighting":true,"audioPlay":false,"sceneViewState":{"showFog":false,"showMaterialUpdate":false,"showSkybox":false,"showFlares":false,"showImageEffects":false,"showParticleSystems":false},"in2DMode":false,"pivot":{"x":-0.7743589878082275,"y":-0.5480213165283203,"z":-0.09457111358642578},"rotation":{"x":-0.30493801832199099,"y":-0.4718463122844696,"z":0.17806479334831239,"w":-0.807898998260498},"size":7.1857686042785648,"orthographic":false}