{"cameraMode":{"drawMode":0,"name":"Shaded","section":"Shading Mode"},"sceneLighting":true,"audioPlay":false,"sceneViewState":{"showFog":true,"showMaterialUpdate":false,"showSkybox":true,"showFlares":true,"showImageEffects":true,"showParticleSystems":true},"in2DMode":false,"pivot":{"x":-0.22139835357666017,"y":1.4446945190429688,"z":0.17055630683898927},"rotation":{"x":0.08121348172426224,"y":0.8897659182548523,"z":-0.4137985110282898,"w":0.17462903261184693},"size":13.180094718933106,"orthographic":false}