{"cameraMode":{"drawMode":0,"name":"Shaded","section":"Shading Mode"},"sceneLighting":true,"audioPlay":false,"sceneViewState":{"showFog":true,"showMaterialUpdate":false,"showSkybox":true,"showFlares":true,"showImageEffects":true,"showParticleSystems":true},"in2DMode":false,"pivot":{"x":-0.7743589878082275,"y":-0.5480213165283203,"z":-0.09457111358642578},"rotation":{"x":-0.5187667012214661,"y":0.0007619206444360316,"z":-0.0004945777473039925,"w":-0.8549333810806274},"size":9.053728103637696,"orthographic":false}