{"cameraMode":{"drawMode":0,"name":"Shaded","section":"Shading Mode"},"sceneLighting":true,"audioPlay":false,"sceneViewState":{"showFog":true,"showMaterialUpdate":false,"showSkybox":true,"showFlares":true,"showImageEffects":true,"showParticleSystems":true},"in2DMode":false,"pivot":{"x":-2.123961925506592,"y":0.44713306427001955,"z":1.567047357559204},"rotation":{"x":0.3308790326118469,"y":0.38004451990127566,"z":-0.14775896072387696,"w":0.8510331511497498},"size":12.423735618591309,"orthographic":false}