{"cameraMode":{"drawMode":2,"name":"Shaded Wireframe","section":"Shading Mode"},"sceneLighting":true,"audioPlay":false,"sceneViewState":{"showFog":true,"showMaterialUpdate":false,"showSkybox":true,"showFlares":true,"showImageEffects":true,"showParticleSystems":true},"in2DMode":false,"pivot":{"x":-0.16857731342315675,"y":-0.9765729904174805,"z":5.557577133178711},"rotation":{"x":0.33041423559188845,"y":0.028308428823947908,"z":-0.009915327653288842,"w":0.9433621764183044},"size":12.320828437805176,"orthographic":false}