{"cameraMode":{"drawMode":0,"name":"Shaded","section":"Shading Mode"},"sceneLighting":true,"audioPlay":false,"sceneViewState":{"showFog":true,"showMaterialUpdate":false,"showSkybox":true,"showFlares":true,"showImageEffects":true,"showParticleSystems":true},"in2DMode":false,"pivot":{"x":-0.7743589878082275,"y":-0.5480213165283203,"z":-0.09457111358642578},"rotation":{"x":-0.21457859873771668,"y":-0.7284477949142456,"z":0.26250582933425906,"w":-0.5953519940376282},"size":6.585768222808838,"orthographic":false}