{"cameraMode":{"drawMode":0,"name":"Shaded","section":"Shading Mode"},"sceneLighting":true,"audioPlay":false,"sceneViewState":{"showFog":true,"showMaterialUpdate":false,"showSkybox":true,"showFlares":true,"showImageEffects":true,"showParticleSystems":true},"in2DMode":false,"pivot":{"x":0.3560963273048401,"y":1.299379825592041,"z":-1.33610200881958},"rotation":{"x":0.5449228286743164,"y":0.006285581737756729,"z":-0.0040869866497814659,"w":0.8384592533111572},"size":6.899430751800537,"orthographic":false}